source,title,company,logo,experience,job_type,work_mode,salary,skills,published,modified,url,location,date_posted,date_ago,see_more
TuniJobs,Développeur Senior React Native / NodeJS - Télétravail,"Expérience
5-7 ans
Type d'emploi
CDI
Mode de travail
Télétravail complet
Rémunération
Confidentiel",https://www.tunijobs.com/_next/image?url=https%3A%2F%2Ftunijobs-cdn.s3.eu-south-1.amazonaws.com%2Ffiles-dev%2Forganizations%2F678d151af15cf2fdf8ef857f%2Fa052848d-99cb-4b03-9f5d-249c2135d260.jpg&w=128&q=75,5-7 ans,N/A,Télétravail complet,Confidentiel,"React Native
React
NodeJS
+1 de plus",N/A,N/A,https://www.tunijobs.com/company/backoff-solutions/jobs/backoff-solutions-developpeur-senior-react-native-nodejs-teletravail,,,,
TuniJobs,Chargé(e) de télévente (BtoB) - Télétravail,"Expérience
6-12 mois
Type d'emploi
CDI
Mode de travail
Télétravail complet
Rémunération
Confidentiel",https://www.tunijobs.com/_next/image?url=https%3A%2F%2Ftunijobs-cdn.s3.eu-south-1.amazonaws.com%2Ffiles-dev%2Forganizations%2F678d151af15cf2fdf8ef857f%2Fa052848d-99cb-4b03-9f5d-249c2135d260.jpg&w=128&q=75,6-12 mois,N/A,Télétravail complet,Confidentiel,"télévente
adv",N/A,N/A,https://www.tunijobs.com/company/backoff-solutions/jobs/backoff-solutions-charge-e-de-televente-btob-teletravail,,,,
TuniJobs,Conseiller Commercial Mutuelle Santé & Prévoyance (H/F),"Expérience
6-12 mois
Type d'emploi
CDI
Mode de travail
Présentiel
Rémunération
Confidentiel",https://www.tunijobs.com/_next/image?url=https%3A%2F%2Ftunijobs-cdn.s3.eu-south-1.amazonaws.com%2Ffiles-dev%2Forganizations%2F68d12ab060b99373a90ec170%2Fc2f27f59-2123-49c2-9984-d011ff838d5c.png&w=128&q=75,6-12 mois,N/A,Présentiel,Confidentiel,"Sens du service et de l'écoute, Aptitude à l'argumentation commerciale.
Dynamisme, Proactivité, Capacité d'apprentissage rapide.",N/A,N/A,https://www.tunijobs.com/company/adam-eden-eva/jobs/adam-eden-eva-conseiller-commercial-mutuelle-sante-and-prevoyance-h-f,,,,
TuniJobs,Chef(fe) de projet IT H/F,"Expérience
5-7 ans
Type d'emploi
CDD
Mode de travail
Télétravail complet
Rémunération
Confidentiel",https://www.tunijobs.com/_next/image?url=https%3A%2F%2Ftunijobs-cdn.s3.eu-south-1.amazonaws.com%2Ffiles-dev%2Forganizations%2F6904ede491dd87b31ee5f1b7%2Fd74cd597-f958-43c6-b3d0-7c9e02b4c5f6.jpg&w=128&q=75,5-7 ans,N/A,Télétravail complet,Confidentiel,"En tant que chef(fe) de projet IT, vous serez responsable de : Planification de projet : Définir les objectifs, les délais et les ressources nécessaires pour le projet. Élaborer un plan de projet détaillé. Gestion d'équipe : Coordonner et superviser les équipes techniques et fonctionnelles, en veillant à la bonne répartition des tâches et à la motivation des membres. Suivi de l'avancement : Assurer le suivi de l'avancement du projet, identifier les risques et les problèmes potentiels, et mettre en place des actions correctives. Communication : Servir de point de contact principal entre les parties prenantes, y compris les clients, les équipes internes et la direction. Rendre compte de l'état d'avancement et des résultats du projet. Gestion budgétaire : Établir et suivre le budget du projet, en veillant à respecter les coûts prévus et à optimiser les ressources. Tests et validation : Organiser et superviser les phases de tests pour garantir la qualité des livrables avant leur mise en production.",N/A,N/A,https://www.tunijobs.com/company/palma-talents/jobs/palma-talents-chef-fe-de-projet-it-h-f,,,,
TuniJobs,Ingénieur du son Live/Studio,"Expérience
5-7 ans
Type d'emploi
CDI
Mode de travail
Présentiel
Rémunération
600 - 800 DT",https://www.tunijobs.com/_next/image?url=https%3A%2F%2Ftunijobs-cdn.s3.eu-south-1.amazonaws.com%2Ffiles-dev%2Forganizations%2F69089f7c83dab8a0fd23c7ae%2Fc6363a54-dc18-40cb-9f2f-e8ad1a7795a0.jpg&w=128&q=75,5-7 ans,N/A,Présentiel,600 - 800 DT,"Logiciels: Reaper + Pro Tools + Melodyne
Langues parlées: Français & Anglais",N/A,N/A,https://www.tunijobs.com/company/makemusic/jobs/makemusic-ingenieur-du-son-live-studio,,,,
TuniJobs,Développeur Senior React Native / NodeJS - Télétravail,"Expérience
5-7 ans
Type d'emploi
CDI
Mode de travail
Télétravail complet
Rémunération
Confidentiel",https://www.tunijobs.com/_next/image?url=https%3A%2F%2Ftunijobs-cdn.s3.eu-south-1.amazonaws.com%2Ffiles-dev%2Forganizations%2F678d151af15cf2fdf8ef857f%2Fa052848d-99cb-4b03-9f5d-249c2135d260.jpg&w=128&q=75,5-7 ans,N/A,Télétravail complet,Confidentiel,"React Native
React
NodeJS
+1 de plus",N/A,N/A,https://www.tunijobs.com/company/backoff-solutions/jobs/backoff-solutions-developpeur-senior-react-native-nodejs-teletravail,,,,
TuniJobs,Office Manager,"Expérience
1-2 ans
Type d'emploi
CDI
Mode de travail
Hybride
Rémunération
800 - 1150 DT",https://www.tunijobs.com/_next/image?url=https%3A%2F%2Ftunijobs-cdn.s3.eu-south-1.amazonaws.com%2Ffiles-dev%2Forganizations%2F6904ba3b91dd87b31ee5eb7b%2Fe57e85cd-b283-40e3-9f91-0ea166bdcd23.png&w=128&q=75,1-2 ans,N/A,Hybride,800 - 1150 DT,"Traduction
Création contenu",N/A,N/A,https://www.tunijobs.com/company/biderja/jobs/biderja-office-manager,,,,
TuniJobs,Commercial,"Expérience
1-2 ans
Type d'emploi
CDI
Mode de travail
Hybride
Rémunération
750 - 1200 DT",https://www.tunijobs.com/_next/image?url=https%3A%2F%2Ftunijobs-cdn.s3.eu-south-1.amazonaws.com%2Ffiles-dev%2Forganizations%2F6904ba3b91dd87b31ee5eb7b%2Fe57e85cd-b283-40e3-9f91-0ea166bdcd23.png&w=128&q=75,1-2 ans,N/A,Hybride,750 - 1200 DT,"Communication de vente
Français",N/A,N/A,https://www.tunijobs.com/company/biderja/jobs/biderja-commercial,,,,
TuniJobs,Chargé(e) de télévente (BtoB) - Télétravail,"Expérience
6-12 mois
Type d'emploi
CDI
Mode de travail
Télétravail complet
Rémunération
Confidentiel",https://www.tunijobs.com/_next/image?url=https%3A%2F%2Ftunijobs-cdn.s3.eu-south-1.amazonaws.com%2Ffiles-dev%2Forganizations%2F678d151af15cf2fdf8ef857f%2Fa052848d-99cb-4b03-9f5d-249c2135d260.jpg&w=128&q=75,6-12 mois,N/A,Télétravail complet,Confidentiel,"télévente
adv",N/A,N/A,https://www.tunijobs.com/company/backoff-solutions/jobs/backoff-solutions-charge-e-de-televente-btob-teletravail,,,,
TuniJobs,MANAGER EXPÉRIENCE CLIENT (CX) – Wamia.tn,"Expérience
5-7 ans
Type d'emploi
CDI
Mode de travail
Présentiel
Rémunération
Confidentiel",https://www.tunijobs.com/_next/image?url=https%3A%2F%2Ftunijobs-cdn.s3.eu-south-1.amazonaws.com%2Ffiles-dev%2Forganizations%2F68da9e19797a027b968ddb81%2Fc4c6db4e-c74b-4305-a106-33c084dc4954.jpg&w=128&q=75,5-7 ans,N/A,Présentiel,Confidentiel,"Mentalité ""Problem-Solver""
Résistance au Stress Maximale
Empathie Client Absolue
+2 de plus",N/A,N/A,https://www.tunijobs.com/company/ste-wamia/jobs/ste-wamia-manager-experience-client-cx-wamia-tn,,,,
TuniJobs,Ingénieur Génie Civil,"Expérience
Sans expérience
Type d'emploi
CDI, CIVP, Al Karama
Mode de travail
Présentiel
Rémunération
500 - 1000 DT",https://www.tunijobs.com/_next/image?url=https%3A%2F%2Ftunijobs-cdn.s3.eu-south-1.amazonaws.com%2Ffiles-dev%2Forganizations%2F690248a183dab8a0fd22fca8%2F457dfd6f-aad4-42e2-9d57-666bd1091517.jpg&w=128&q=75,Sans expérience,N/A,Présentiel,500 - 1000 DT,Ingénieur Génie Civil,N/A,N/A,https://www.tunijobs.com/company/generale-consulting-gc/jobs/generale-consulting-gc-ingenieur-genie-civil,,,,
TuniJobs,Commercial(e) centre de formation – Le Charme de la Pâtisserie,"Expérience
1-2 ans
Type d'emploi
CDD
Mode de travail
Présentiel
Rémunération
850 - 1200 DT",https://www.tunijobs.com/_next/image?url=https%3A%2F%2Ftunijobs-cdn.s3.eu-south-1.amazonaws.com%2Ffiles-dev%2Forganizations%2F690099b391dd87b31ee5652d%2F1321dbdd-c882-471a-b3c7-7e561d070c19.jpg&w=128&q=75,1-2 ans,N/A,Présentiel,850 - 1200 DT,"Communication orale claire et persuasive
Techniques de vente et de négociation
Gestion des appels entrants et sortants
+3 de plus",N/A,N/A,https://www.tunijobs.com/company/le-charme-de-la-patisserie/jobs/le-charme-de-la-patisserie-commercial-e-centre-de-formation-le-charme-de-la-patisserie,,,,
TuniJobs,Support Commercial – Prise de commandes & Recouvrement,"Expérience
1-2 ans
Type d'emploi
CDI
Mode de travail
Télétravail complet
Rémunération
700 - 1300 DT",https://www.tunijobs.com/_next/image?url=https%3A%2F%2Ftunijobs-cdn.s3.eu-south-1.amazonaws.com%2Ffiles-dev%2Forganizations%2F678d151af15cf2fdf8ef857f%2Fa052848d-99cb-4b03-9f5d-249c2135d260.jpg&w=128&q=75,1-2 ans,N/A,Télétravail complet,700 - 1300 DT,"Relation ClientB2B
CRM
Autonomie
+2 de plus",N/A,N/A,https://www.tunijobs.com/company/backoff-solutions/jobs/backoff-solutions-support-commercial-prise-de-commandes-and-saisie-h-f,,,,
TuniJobs,Community Sales Manager,"Expérience
2-5 ans
Type d'emploi
CDI
Mode de travail
Présentiel
Rémunération
1600 DT",https://www.tunijobs.com/_next/image?url=https%3A%2F%2Ftunijobs-cdn.s3.eu-south-1.amazonaws.com%2Ffiles-dev%2Forganizations%2F68d3b891f647531afd24b1f3%2F7bed2ae3-8193-43cc-b516-13c691151792.jpg&w=128&q=75,2-5 ans,N/A,Présentiel,1600 DT,"vente et négociation
gestion de communauté et en relations clientèles
communication et service client
+1 de plus",N/A,N/A,https://www.tunijobs.com/company/iwgplc-tunisie/jobs/iwgplc-tunisie-community-sales-manager,,,,
TuniJobs,Commercial B to B expérimenté,"Expérience
5-7 ans
Type d'emploi
CDI
Mode de travail
Présentiel
Rémunération
Confidentiel",https://www.tunijobs.com/_next/image?url=https%3A%2F%2Ftunijobs-cdn.s3.eu-south-1.amazonaws.com%2Ffiles-dev%2Forganizations%2F68f9dc87eac5723064a20c0f%2F43c354e6-0fb1-4aed-97d8-f7661dfb1840.jpg&w=128&q=75,5-7 ans,N/A,Présentiel,Confidentiel,"Maîtrise des techniques de vente et de négociation BtoB
Capacité à identifier les besoins des clients et à y répondre efficacement
Excellent niveau de français oral et écrit
+4 de plus",N/A,N/A,https://www.tunijobs.com/company/altra-call/jobs/altra-call-commercial-b-to-b-experimente,,,,
TuniJobs,Conseiller Commercial Mutuelle Santé & Prévoyance (H/F),"Expérience
6-12 mois
Type d'emploi
CDI
Mode de travail
Présentiel
Rémunération
Confidentiel",https://www.tunijobs.com/_next/image?url=https%3A%2F%2Ftunijobs-cdn.s3.eu-south-1.amazonaws.com%2Ffiles-dev%2Forganizations%2F68d12ab060b99373a90ec170%2Fc2f27f59-2123-49c2-9984-d011ff838d5c.png&w=128&q=75,6-12 mois,N/A,Présentiel,Confidentiel,"Sens du service et de l'écoute, Aptitude à l'argumentation commerciale.
Dynamisme, Proactivité, Capacité d'apprentissage rapide.",N/A,N/A,https://www.tunijobs.com/company/adam-eden-eva/jobs/adam-eden-eva-conseiller-commercial-mutuelle-sante-and-prevoyance-h-f,,,,
TuniJobs,Conseillers Commerciaux en Assurance Santé,"Expérience
1-2 ans
Type d'emploi
CDI
Mode de travail
Présentiel
Rémunération
Confidentiel",https://www.tunijobs.com/_next/image?url=https%3A%2F%2Ftunijobs-cdn.s3.eu-south-1.amazonaws.com%2Ffiles-dev%2Forganizations%2F68c19235d76a5092611e7d4b%2F6e863b43-a1bf-4591-be74-91a9c1c0b918.png&w=128&q=75,1-2 ans,N/A,Présentiel,Confidentiel,"Expérience préalable de 2 ans minimum dans la télévente ou la vente de produits d'assurance santé.
Bonnes capacités commerciales avec un tempérament de vendeur affirmé.",N/A,N/A,https://www.tunijobs.com/company/premunia/jobs/premunia-conseillers-commerciaux-en-assurance-sante,,,,
TuniJobs,Comptable / Gestionnaire de paies Sénior - Télétravail,"Expérience
2-5 ans
Type d'emploi
CDI
Mode de travail
Télétravail complet
Rémunération
1400 - 1900 DT",https://www.tunijobs.com/_next/image?url=https%3A%2F%2Ftunijobs-cdn.s3.eu-south-1.amazonaws.com%2Ffiles-dev%2Forganizations%2F678d151af15cf2fdf8ef857f%2Fa052848d-99cb-4b03-9f5d-249c2135d260.jpg&w=128&q=75,2-5 ans,N/A,Télétravail complet,1400 - 1900 DT,"Sage100
Cegid
Silae",N/A,N/A,https://www.tunijobs.com/company/backoff-solutions/jobs/backoff-solutions-comptable-senior-teletravail,,,,
TuniJobs,Expert ERP Sage 100 (API & Objets Métiers) - Télétravail,"Expérience
5-7 ans
Type d'emploi
CDI
Mode de travail
Télétravail complet
Rémunération
1500 - 2800 DT",https://www.tunijobs.com/_next/image?url=https%3A%2F%2Ftunijobs-cdn.s3.eu-south-1.amazonaws.com%2Ffiles-dev%2Forganizations%2F678d151af15cf2fdf8ef857f%2Fa052848d-99cb-4b03-9f5d-249c2135d260.jpg&w=128&q=75,5-7 ans,N/A,Télétravail complet,1500 - 2800 DT,"Sage100
ERP
Processus Comptables
+3 de plus",N/A,N/A,https://www.tunijobs.com/company/backoff-solutions/jobs/backoff-solutions-expert-erp-sage-100-api-and-objets-metiers-teletravail,,,,
TuniJobs,Coursier,"Expérience
2-5 ans
Type d'emploi
CDI
Mode de travail
Présentiel
Rémunération
Confidentiel",https://www.tunijobs.com/_next/image?url=https%3A%2F%2Ftunijobs-cdn.s3.eu-south-1.amazonaws.com%2Ffiles-dev%2Forganizations%2F68f75b9ceac5723064a1cbe6%2Fe4692d51-a69c-4014-960e-dbccff8e8041.png&w=128&q=75,2-5 ans,N/A,Présentiel,Confidentiel,"Bonne connaissance du Grand Tunis et des itinéraires administratifs, bancaires et commerciaux. Maîtrise des procédures de dépôt et de retrait dans les banques et administrations. Sens aigu de l’organisation et respect des délais. Fiabilité, honnêteté et discrétion dans la gestion des documents et paiements. Bonne communication avec les clients et les institutions. Esprit d’équipe et capacité à travailler sous pression. Présentation soignée et attitude professionnelle. Utilisation basique du téléphone et de la messagerie pour le suivi des missions.",N/A,N/A,https://www.tunijobs.com/company/mecanica/jobs/mecanica-coursier,,,,
TuniJobs,Billettiste – Agence de Voyages,"Expérience
1-2 ans
Type d'emploi
CDI
Mode de travail
Présentiel
Rémunération
800 - 1100 DT",https://www.tunijobs.com/_next/image?url=https%3A%2F%2Ftunijobs-cdn.s3.eu-south-1.amazonaws.com%2Ffiles-dev%2Forganizations%2F68f214e2fc76242ef406ddce%2F696de56f-4a2a-4c89-bac9-f8659fac437d.png&w=128&q=75,1-2 ans,N/A,Présentiel,800 - 1100 DT,"Amadeus (incontournable)
NDC (atout)
Arabe
+13 de plus",N/A,N/A,https://www.tunijobs.com/company/take-off-travel/jobs/take-off-travel-billettiste-agence-de-voyages,,,,
TuniJobs,Senior Web Marketing,"Expérience
5-7 ans
Type d'emploi
CDI, CDD
Mode de travail
Hybride
Rémunération
1500 - 2000 DT",https://www.tunijobs.com/_next/image?url=https%3A%2F%2Ftunijobs-cdn.s3.eu-south-1.amazonaws.com%2Ffiles-dev%2Forganizations%2F68be8fe676de48ffc3c34bfc%2F48e7ece1-eb48-4b4b-bb63-67ed6c85b284.png&w=128&q=75,5-7 ans,N/A,Hybride,1500 - 2000 DT,"Capacité à interpréter les données et à en tirer des insights concrets.
Suivi et analyse des KPI : acquisition, conversion, coût d’acquisition, ROI, LTV, etc.
Esprit d’analyse et rigueur dans la mesure des performances.
+5 de plus",N/A,N/A,https://www.tunijobs.com/company/leonemtravel/jobs/leonemtravel-senior-web-marketing,,,,
TuniJobs,TECHNCIENNE EN BIOMEDICALE,"Expérience
Sans expérience
Type d'emploi
CIVP
Mode de travail
Présentiel
Rémunération
700 DT",https://www.tunijobs.com/_next/image?url=https%3A%2F%2Ftunijobs-cdn.s3.eu-south-1.amazonaws.com%2Ffiles-dev%2Forganizations%2F68c9385d728f154b8fc76103%2F997fe3a6-8d9c-41ad-9072-fe7652ccd8c6.png&w=128&q=75,Sans expérience,N/A,Présentiel,700 DT,"Configurer l'installation et effectuer sa mise au point Réaliser ou superviser les interventions de maintenance préventive et corrective Déterminer les causes de dysfonctionnements Assurer le suivi des interventions réalisées par les fournisseurs de matériels ou prestataires de maintenance Contrôler le fonctionnement d'un équipement, d'une machine, d'une installation Gérer les stocks de matériel de maintenance et de pièces de rechange",N/A,N/A,https://www.tunijobs.com/company/clinique-elmourouj/jobs/clinique-elmourouj-techncienne-en-biomedicale,,,,
TuniJobs,Mission Freelance – Ingénieur Angular et Java Senior,"Expérience
5-7 ans
Type d'emploi
Freelance
Mode de travail
Hybride
Rémunération
2000 - 5000 DT",https://www.tunijobs.com/_next/image?url=https%3A%2F%2Ftunijobs-cdn.s3.eu-south-1.amazonaws.com%2Ffiles-dev%2Forganizations%2F68ef89e9eac5723064a07c91%2F2766c9e5-d56c-407b-8941-0c6d0e47f3f7.jpg&w=128&q=75,5-7 ans,N/A,Hybride,2000 - 5000 DT,"angular
java",N/A,N/A,https://www.tunijobs.com/company/spark-talent-alliance/jobs/spark-talent-alliance-mission-freelance-ingenieur-angular-et-java-senior,,,,
TuniJobs,Télé-commercial Expérimenté,"Expérience
6-12 mois
Type d'emploi
CDI
Mode de travail
Présentiel
Rémunération
1250 - 1650 DT",https://www.tunijobs.com/_next/image?url=https%3A%2F%2Ftunijobs-cdn.s3.eu-south-1.amazonaws.com%2Ffiles-dev%2Forganizations%2F685283ebd3259025ae2bbf97%2Ff9b722d8-df6f-439a-8ffc-49c2854dc767.png&w=128&q=75,6-12 mois,N/A,Présentiel,1250 - 1650 DT,"appel sortant
francais excellent
force de vente
+1 de plus",N/A,N/A,https://www.tunijobs.com/company/madani-call-center/jobs/madani-call-center-tele-commercial-experimente,,,,
TuniJobs,Un(e) gestionnaire de facturation française,"Expérience
1-2 ans
Type d'emploi
CDI
Mode de travail
Présentiel
Rémunération
Confidentiel",https://www.tunijobs.com/_next/image?url=https%3A%2F%2Ftunijobs-cdn.s3.eu-south-1.amazonaws.com%2Ffiles-dev%2Forganizations%2F68dce940797a027b968e1fb6%2F8fcfded4-0e8c-42f6-a46e-569c43f76850.png&w=128&q=75,1-2 ans,N/A,Présentiel,Confidentiel,"Saisie et vérification des factures
Suivi des paiements et des encaissements
Maîtrise de la facturation clients et fournisseurs
+4 de plus",N/A,N/A,https://www.tunijobs.com/company/maxiom-de-metal-2000-groupe/jobs/maxiom-de-metal-2000-groupe-un-e-gestionnaire-de-facturation-francaise,,,,
TuniJobs,Développeur·se IA – Spécialisation LLM / Agents autonomes - Télétravail,"Expérience
2-5 ans
Type d'emploi
CDI
Mode de travail
Télétravail complet
Rémunération
1900 - 3500 DT",https://www.tunijobs.com/_next/image?url=https%3A%2F%2Ftunijobs-cdn.s3.eu-south-1.amazonaws.com%2Ffiles-dev%2Forganizations%2F678d151af15cf2fdf8ef857f%2Fa052848d-99cb-4b03-9f5d-249c2135d260.jpg&w=128&q=75,2-5 ans,N/A,Télétravail complet,1900 - 3500 DT,"AI
IA
LLM",N/A,N/A,https://www.tunijobs.com/company/backoff-solutions/jobs/backoff-solutions-developpeur-se-ia-specialisation-llm-agents-autonomes-teletravail,,,,
TuniJobs,Stagiaire Community Manager & Développement Commercial (H/F),"Expérience
1-6 mois
Type d'emploi
Stage
Mode de travail
Présentiel
Rémunération
Confidentiel",https://www.tunijobs.com/_next/image?url=https%3A%2F%2Ftunijobs-cdn.s3.eu-south-1.amazonaws.com%2Ffiles-dev%2Forganizations%2F68c91b95728f154b8fc75c3d%2Fcb86a611-402a-4450-922e-0509c87687f9.png&w=128&q=75,1-6 mois,N/A,Présentiel,Confidentiel,"scripts
gestion des réseaux sociaux
copyright
+1 de plus",N/A,N/A,https://www.tunijobs.com/company/clevertech/jobs/clevertech-stagiaire-community-manager-and-developpement-commercial-h-f,,,,
TuniJobs,chauffeur semi-remorque à Morneg,"Expérience
2-5 ans
Type d'emploi
CDI
Mode de travail
Présentiel
Rémunération
Confidentiel",https://www.tunijobs.com/_next/image?url=https%3A%2F%2Ftunijobs-cdn.s3.eu-south-1.amazonaws.com%2Ffiles-dev%2Forganizations%2F68e42389fe970fe19ff467b1%2Fdd295034-9d62-414c-a4ac-776203e4883d.png&w=128&q=75,2-5 ans,N/A,Présentiel,Confidentiel,rigoureux,N/A,N/A,https://www.tunijobs.com/company/2s-consulting/jobs/2s-consulting-chauffeur-semi-remorque-a-morneg,,,,
TuniJobs,Support Commercial – Prise de commandes & Recouvrement,"Expérience
1-2 ans
Type d'emploi
CDI
Mode de travail
Télétravail complet
Rémunération
700 - 1300 DT",https://www.tunijobs.com/_next/image?url=https%3A%2F%2Ftunijobs-cdn.s3.eu-south-1.amazonaws.com%2Ffiles-dev%2Forganizations%2F678d151af15cf2fdf8ef857f%2Fa052848d-99cb-4b03-9f5d-249c2135d260.jpg&w=128&q=75,1-2 ans,N/A,Télétravail complet,700 - 1300 DT,"Relation ClientB2B
CRM
Autonomie
+2 de plus",N/A,N/A,https://www.tunijobs.com/company/backoff-solutions/jobs/backoff-solutions-support-commercial-prise-de-commandes-and-saisie-h-f,,,,
TuniJobs,Commercial·e B2B: Impression & Communication,"Expérience
Sans expérience
Type d'emploi
CIVP
Mode de travail
Présentiel
Rémunération
600 DT",https://www.tunijobs.com/_next/image?url=https%3A%2F%2Ftunijobs-cdn.s3.eu-south-1.amazonaws.com%2Ffiles-dev%2Forganizations%2F68e3f082fe970fe19ff46014%2F59547068-f295-4467-bf78-d57b3e5a3de2.png&w=128&q=75,Sans expérience,N/A,Présentiel,600 DT,"Excellentes compétences en communication et relation client
Une connaissance du secteur de l’impression ou de la communication B2B est un plus.",N/A,N/A,https://www.tunijobs.com/company/emprint-id/jobs/emprint-id-commercial-e-b2b-impression-and-communication,,,,
TuniJobs,Graphiste - opérateur.rice DTF,"Expérience
Sans expérience
Type d'emploi
CIVP
Mode de travail
Présentiel
Rémunération
600 DT",https://www.tunijobs.com/_next/image?url=https%3A%2F%2Ftunijobs-cdn.s3.eu-south-1.amazonaws.com%2Ffiles-dev%2Forganizations%2F68e3f082fe970fe19ff46014%2F59547068-f295-4467-bf78-d57b3e5a3de2.png&w=128&q=75,Sans expérience,N/A,Présentiel,600 DT,"Design graphique
Impression DTF",N/A,N/A,https://www.tunijobs.com/company/emprint-id/jobs/emprint-id-graphiste-operateur-rice-dtf,,,,
TuniJobs,QA Analyst / Testeur Fonctionnel,"Expérience
2-5 ans
Type d'emploi
CDI
Mode de travail
Télétravail complet
Rémunération
Confidentiel",https://www.tunijobs.com/_next/image?url=https%3A%2F%2Ftunijobs-cdn.s3.eu-south-1.amazonaws.com%2Ffiles-dev%2Forganizations%2F678d151af15cf2fdf8ef857f%2Fa052848d-99cb-4b03-9f5d-249c2135d260.jpg&w=128&q=75,2-5 ans,N/A,Télétravail complet,Confidentiel,"Cypress
Playwright
QA
+4 de plus",N/A,N/A,https://www.tunijobs.com/company/backoff-solutions/jobs/backoff-solutions-qa-analyst-testeur-fonctionnel,,,,
Farojob,Clinique elmourouj recrute Technicien Biomedicale,clinique elmourouj,https://www.farojob.net/wp-content/themes/noo-jobmonster/assets/images/company-logo.png,,Secteur privé,,,,,,https://www.farojob.net/jobs/clinique-elmourouj-recrute-technicien-biomedicale/,"El Mourouj, Ben Arous, Tunisie",12 septembre 2025,il y a 2 mois,https://www.farojob.net/jobs/clinique-elmourouj-recrute-technicien-biomedicale/
Farojob,Magasin Général recrute Acheteur/Acheteuse,Magasin Général,https://www.farojob.net/wp-content/themes/noo-jobmonster/assets/images/company-logo.png,,Secteur privé,,,,,,https://www.farojob.net/jobs/magasin-general-recrute-acheteur-acheteuse/,Tunis centre ville,12 septembre 2025,il y a 2 mois,https://www.farojob.net/jobs/magasin-general-recrute-acheteur-acheteuse/
Farojob,Clinique elmourouj recrute Technicien en maintenance,clinique elmourouj,https://www.farojob.net/wp-content/themes/noo-jobmonster/assets/images/company-logo.png,,Secteur privé,,,,,,https://www.farojob.net/jobs/clinique-elmourouj-recrute-technicien-en-maintenance/,"El Mourouj, Ben Arous, Tunisie",12 septembre 2025,il y a 2 mois,https://www.farojob.net/jobs/clinique-elmourouj-recrute-technicien-en-maintenance/
Farojob,Expertworkspace recrute Translation from English to arabic,Expertworkspace,https://www.farojob.net/wp-content/themes/noo-jobmonster/assets/images/company-logo.png,,Freelance,,,,,,https://www.farojob.net/jobs/expertworkspace-recrute-translation-from-english-to-arabic/,"- Les Berges du Lac II, MEDTECH Building, 4th floor, - 1053 Tunisia",10 septembre 2025,il y a 2 mois,https://www.farojob.net/jobs/expertworkspace-recrute-translation-from-english-to-arabic/
Farojob,Société d’électroménager recrute Responsable hygiène et entretien Bâtiments,Société d’électroménager,https://www.farojob.net/wp-content/themes/noo-jobmonster/assets/images/company-logo.png,,Secteur privé,,,,,,https://www.farojob.net/jobs/societe-delectromenager-recrute-responsable-hygiene-et-entretien-batiments/,"Tunis, Gouvernorat de Tunis, Tunisie",4 septembre 2025,il y a 2 mois,https://www.farojob.net/jobs/societe-delectromenager-recrute-responsable-hygiene-et-entretien-batiments/
Farojob,Clinique du centre recrute Agent de Réception (Homme),Clinique du centre,https://www.farojob.net/wp-content/uploads/2024/07/LOGO-100x100.png,,Secteur privé,,,,,,https://www.farojob.net/jobs/clinique-du-centre-recrute-agent-de-reception-homme/,"Avenue 2 Mars, Ksar Hellal, Tunisia",29 août 2025,il y a 2 mois,https://www.farojob.net/jobs/clinique-du-centre-recrute-agent-de-reception-homme/
Farojob,Clinique du centre recrute Technicien Biomédical (option Radiologie),Clinique du centre,https://www.farojob.net/wp-content/uploads/2024/07/LOGO-100x100.png,,Secteur privé,,,,,,https://www.farojob.net/jobs/clinique-du-centre-recrute-technicien-biomedical-option-radiologie/,"Avenue 2 Mars, Ksar Hellal, Tunisia",20 août 2025,il y a 3 mois,https://www.farojob.net/jobs/clinique-du-centre-recrute-technicien-biomedical-option-radiologie/
Farojob,Clinique du centre recrute Technicien de Maintenance Industrielle,Clinique du centre,https://www.farojob.net/wp-content/uploads/2024/07/LOGO-100x100.png,,Secteur privé,,,,,,https://www.farojob.net/jobs/clinique-du-centre-recrute-technicien-de-maintenance-industrielle/,"Avenue 2 Mars, Ksar Hellal, Tunisia",20 août 2025,il y a 3 mois,https://www.farojob.net/jobs/clinique-du-centre-recrute-technicien-de-maintenance-industrielle/
Farojob,AGRIUP DISTRIBUTION recrute Agent Commercial Sédentaire (H/F),AGRIUP DISTRIBUTION,https://www.farojob.net/wp-content/themes/noo-jobmonster/assets/images/company-logo.png,,Secteur privé,,,,,,https://www.farojob.net/jobs/agriup-distribution-recrute-agent-commercial-sedentaire-h-f/,Megrine,18 août 2025,il y a 3 mois,https://www.farojob.net/jobs/agriup-distribution-recrute-agent-commercial-sedentaire-h-f/
Farojob,AGRIUP DISTRIBUTION recrute Technico-Commercial Intrants Agricoles (H/F),AGRIUP DISTRIBUTION,https://www.farojob.net/wp-content/themes/noo-jobmonster/assets/images/company-logo.png,,Secteur privé,,,,,,https://www.farojob.net/jobs/agriup-distribution-recrute-technico-commercial-intrants-agricoles-h-f/,Megrine,18 août 2025,il y a 3 mois,https://www.farojob.net/jobs/agriup-distribution-recrute-technico-commercial-intrants-agricoles-h-f/
Farojob,Ulysse voyages Tunisie recrute Conseillère Voyages (H/F),Ulysse voyages Tunisie,https://www.farojob.net/wp-content/uploads/2025/08/LOGO-Ulysse-Voyages-1-100x100.jpeg,,Secteur privé,,,,,,https://www.farojob.net/jobs/ulysse-voyages-tunisie-recrute-conseillere-voyages-h-f/,"162, Avenue l’UMA 2036 soukra Ariana, Immeuble Omran Centre, bureau B1.4",14 août 2025,il y a 3 mois,https://www.farojob.net/jobs/ulysse-voyages-tunisie-recrute-conseillere-voyages-h-f/
Farojob,ALUBAT recrute Des techniciens en menuiserie d’aluminium,ALUBAT,https://www.farojob.net/wp-content/themes/noo-jobmonster/assets/images/company-logo.png,,Secteur privé,,,,,,https://www.farojob.net/jobs/alubat-recrute-des-techniciens-en-menuiserie-daluminium/,Ben Arous,6 août 2025,il y a 3 mois,https://www.farojob.net/jobs/alubat-recrute-des-techniciens-en-menuiserie-daluminium/
Farojob,Hotel Marhaba Club Sousse recrute Veilleur de nuit,Hotel Sousse 4*,https://www.farojob.net/wp-content/themes/noo-jobmonster/assets/images/company-logo.png,,Secteur privé,,,,,,https://www.farojob.net/jobs/hotel-marhaba-club-sousse-recrute-veilleur-de-nuit/,"سوسة, سوسة, تونس",4 août 2025,il y a 3 mois,https://www.farojob.net/jobs/hotel-marhaba-club-sousse-recrute-veilleur-de-nuit/
Farojob,Hotel Marhaba Club Sousse recrute Réceptionniste,Hotel Sousse 4*,https://www.farojob.net/wp-content/themes/noo-jobmonster/assets/images/company-logo.png,,Secteur privé,,,,,,https://www.farojob.net/jobs/hotel-marhaba-club-sousse-recrute-receptionniste/,"سوسة, سوسة, تونس",4 août 2025,il y a 3 mois,https://www.farojob.net/jobs/hotel-marhaba-club-sousse-recrute-receptionniste/
Farojob,Clinique du centre recrute Chargée Marketing & Design Graphique,Clinique du centre,https://www.farojob.net/wp-content/uploads/2024/07/LOGO-100x100.png,,Secteur privé,,,,,,https://www.farojob.net/jobs/clinique-du-centre-recrute-chargee-marketing-design-graphique/,"Avenue 2 Mars, Ksar Hellal, Tunisia",8 juillet 2025,il y a 4 mois,https://www.farojob.net/jobs/clinique-du-centre-recrute-chargee-marketing-design-graphique/
Farojob,Clinique du centre recrute Technicien de Maintenance Chaud-Froid,Clinique du centre,https://www.farojob.net/wp-content/uploads/2024/07/LOGO-100x100.png,,Secteur privé,,,,,,https://www.farojob.net/jobs/clinique-du-centre-recrute-technicien-de-maintenance-chaud-froid/,"Avenue 2 Mars, Ksar Hellal, Tunisia",7 juillet 2025,il y a 4 mois,https://www.farojob.net/jobs/clinique-du-centre-recrute-technicien-de-maintenance-chaud-froid/
Farojob,csforyou recrute Gestionnaire de paie expérimenté(e) – Maîtrise SAGE COLA – tunisie,csforyou,https://www.farojob.net/wp-content/themes/noo-jobmonster/assets/images/company-logo.png,,Secteur privé,,,,,,https://www.farojob.net/jobs/csforyou-recrute-gestionnaire-de-paie-experimentee-maitrise-sage-cola-tunisie/,RUE l argent lac2,7 juillet 2025,il y a 4 mois,https://www.farojob.net/jobs/csforyou-recrute-gestionnaire-de-paie-experimentee-maitrise-sage-cola-tunisie/
Farojob,Call In Call Out recrute Télé-Opérateur Nouveau,Call In Call Out,https://www.farojob.net/wp-content/uploads/2025/05/logo_white_background-2-100x100.jpg,,Secteur privé,,,,,,https://www.farojob.net/jobs/call-in-call-out-recrute-tele-operateur-nouveau/,khzema ouest,4 juillet 2025,il y a 4 mois,https://www.farojob.net/jobs/call-in-call-out-recrute-tele-operateur-nouveau/
Farojob,DELTA GRAFIX recrute Soudeur Semi Automatique / Installateur,DELTA GRAFIX,https://www.farojob.net/wp-content/themes/noo-jobmonster/assets/images/company-logo.png,,Secteur privé,,,,,,https://www.farojob.net/jobs/delta-grafix-recrute-soudeur-semi-automatique-installateur/,"Megrine, Gouvernorat de Tunis, Tunisie",1 juillet 2025,il y a 4 mois,https://www.farojob.net/jobs/delta-grafix-recrute-soudeur-semi-automatique-installateur/
Farojob,DELTA GRAFIX recrute Poseur d’enseigne et signalétique,DELTA GRAFIX,https://www.farojob.net/wp-content/themes/noo-jobmonster/assets/images/company-logo.png,,Secteur privé,,,,,,https://www.farojob.net/jobs/delta-grafix-recrute-poseur-denseigne-et-signaletique/,Megrine,23 juin 2025,il y a 4 mois,https://www.farojob.net/jobs/delta-grafix-recrute-poseur-denseigne-et-signaletique/
Farojob,Clinique du centre recrute Assistante Administrative,Clinique du centre,https://www.farojob.net/wp-content/uploads/2024/07/LOGO-100x100.png,,Secteur privé,,,,,,https://www.farojob.net/jobs/clinique-du-centre-recrute-assistante-administrative/,"Avenue 2 Mars, Ksar Hellal, Tunisia",23 juin 2025,il y a 4 mois,https://www.farojob.net/jobs/clinique-du-centre-recrute-assistante-administrative/
Farojob,Call In Call Out recrute Télé-Opérateur Reception d’appel,Call In Call Out,https://www.farojob.net/wp-content/uploads/2025/05/logo_white_background-2-100x100.jpg,,Secteur privé,,,,,,https://www.farojob.net/jobs/call-in-call-out-recrute-tele-operateur-reception-dappel/,khzema ouest,17 juin 2025,il y a 5 mois,https://www.farojob.net/jobs/call-in-call-out-recrute-tele-operateur-reception-dappel/
Farojob,Clinique elmourouj recrutetechniciens en imagerie médicale,clinique elmourouj,https://www.farojob.net/wp-content/themes/noo-jobmonster/assets/images/company-logo.png,,Secteur privé,,,,,,https://www.farojob.net/jobs/clinique-elmourouj-recrutetechniciens-en-imagerie-medicale/,"El Mourouj 1, El Mourouj, Tunisie",16 juin 2025,il y a 5 mois,https://www.farojob.net/jobs/clinique-elmourouj-recrutetechniciens-en-imagerie-medicale/
Farojob,Clinique du centre recrute Contrôleur de Gestion,Clinique du centre,https://www.farojob.net/wp-content/uploads/2024/07/LOGO-100x100.png,,Secteur privé,,,,,,https://www.farojob.net/jobs/clinique-du-centre-recrute-controleur-de-gestion/,"Avenue 2 Mars, Ksar Hellal, Tunisia",12 juin 2025,il y a 5 mois,https://www.farojob.net/jobs/clinique-du-centre-recrute-controleur-de-gestion/
Farojob,Bestbrands recrute Représentant Commercial circuit Gros Zone Nord-Ouest,Bestbrands,https://www.farojob.net/wp-content/themes/noo-jobmonster/assets/images/company-logo.png,,Secteur privé,,,,,,https://www.farojob.net/jobs/bestbrands-recrute-representant-commercial-circuit-gros-zone-nord-ouest/,nord,10 juin 2025,il y a 5 mois,https://www.farojob.net/jobs/bestbrands-recrute-representant-commercial-circuit-gros-zone-nord-ouest/
Farojob,Concours Ministère de la jeunesse et des sports pour le recrutement de 440 Professeurs – 2025,Ministère de la jeunesse et des sports,https://www.farojob.net/wp-content/uploads/2024/03/mjs-sport-100x100.png,,Concours Tunisie,,,,,,https://www.farojob.net/jobs/concours-ministere-de-la-jeunesse-et-des-sports-pour-le-recrutement-de-440-professeurs-2025/,N/A,29 mai 2025,il y a 5 mois,https://www.farojob.net/jobs/concours-ministere-de-la-jeunesse-et-des-sports-pour-le-recrutement-de-440-professeurs-2025/
Farojob,Concours Ministère de la Justice pour le recrutement de 117 Aide Greffier du Tribunal – 2025,Ministère de la Justice,https://www.farojob.net/wp-content/uploads/2016/12/e-justice-2014-1.jpg,,Concours Tunisie,,,,,,https://www.farojob.net/jobs/concours-ministere-de-la-justice-pour-le-recrutement-de-117-aide-greffier-du-tribunal-2025/,N/A,29 mai 2025,il y a 5 mois,https://www.farojob.net/jobs/concours-ministere-de-la-justice-pour-le-recrutement-de-117-aide-greffier-du-tribunal-2025/
Farojob,Concours Ministère de la Justice pour le recrutement de 105 Greffier du Tribunal – 2025,Ministère de la Justice,https://www.farojob.net/wp-content/uploads/2016/12/e-justice-2014-1.jpg,,Concours Tunisie,,,,,,https://www.farojob.net/jobs/ministere-de-la-justice-pour-le-recrutement-de-105-greffier-du-tribunal-2025/,N/A,29 mai 2025,il y a 5 mois,https://www.farojob.net/jobs/ministere-de-la-justice-pour-le-recrutement-de-105-greffier-du-tribunal-2025/
Farojob,Concours Ministère de l’Intérieur pour le recrutement d’Agents de la Garde National – 2025,Ministère de l’interieur,https://www.farojob.net/wp-content/uploads/2018/05/ministere-de-l-interieur.png,,Concours Tunisie,,,,,,https://www.farojob.net/jobs/concours-ministere-de-linterieur-pour-le-recrutement-dagents-de-la-garde-national-2025/,N/A,29 mai 2025,il y a 5 mois,https://www.farojob.net/jobs/concours-ministere-de-linterieur-pour-le-recrutement-dagents-de-la-garde-national-2025/
Farojob,Groupe de Société recrute Directeur Administratif et Financier (DAF),Groupe de Société,https://www.farojob.net/wp-content/themes/noo-jobmonster/assets/images/company-logo.png,,Secteur privé,,,,,,https://www.farojob.net/jobs/groupe-de-societe-recrute-directeur-administratif-et-financier-daf/,"Sfax Ville, Tunisie",21 mai 2025,il y a 6 mois,https://www.farojob.net/jobs/groupe-de-societe-recrute-directeur-administratif-et-financier-daf/
Farojob,Groupe de Société recrute Comptable,Groupe de Société,https://www.farojob.net/wp-content/themes/noo-jobmonster/assets/images/company-logo.png,,Secteur privé,,,,,,https://www.farojob.net/jobs/groupe-de-societe-recrute-comptable/,"Sfax, Gouvernorat de Sfax, Tunisie",21 mai 2025,il y a 6 mois,https://www.farojob.net/jobs/groupe-de-societe-recrute-comptable/
Farojob,Université Mahmoud El Materi recrute Bibliothécaire,Université Mahmoud El Materi,https://www.farojob.net/wp-content/uploads/2021/01/UMM-LOGO-vertical-2019-sans-trans.png,,Secteur privé,,,,,,https://www.farojob.net/jobs/universite-mahmoud-el-materi-recrute-bibliothecaire/,Montplaisir,16 mai 2025,il y a 6 mois,https://www.farojob.net/jobs/universite-mahmoud-el-materi-recrute-bibliothecaire/
Farojob,Université Mahmoud El Materi recrute Surveillant(e),Université Mahmoud El Materi,https://www.farojob.net/wp-content/uploads/2021/01/UMM-LOGO-vertical-2019-sans-trans.png,,Secteur privé,,,,,,https://www.farojob.net/jobs/universite-mahmoud-el-materi-recrute-surveillante/,Montplaisir,16 mai 2025,il y a 6 mois,https://www.farojob.net/jobs/universite-mahmoud-el-materi-recrute-surveillante/
Farojob,Université Mahmoud El Materi recrute Un(e) chargé(e) de bureau d’ordre,Université Mahmoud El Materi,https://www.farojob.net/wp-content/uploads/2021/01/UMM-LOGO-vertical-2019-sans-trans.png,,Secteur privé,,,,,,https://www.farojob.net/jobs/universite-mahmoud-el-materi-recrute-une-chargee-de-bureau-dordre/,Montplaisir,16 mai 2025,il y a 6 mois,https://www.farojob.net/jobs/universite-mahmoud-el-materi-recrute-une-chargee-de-bureau-dordre/
Farojob,Call In Call Out recrute Télé-Opérateur,Call In Call Out,https://www.farojob.net/wp-content/uploads/2025/05/logo_white_background-2-100x100.jpg,,Secteur privé,,,,,,https://www.farojob.net/jobs/call-in-call-out-recrute-tele-operateur/,khzema ouest,15 mai 2025,il y a 6 mois,https://www.farojob.net/jobs/call-in-call-out-recrute-tele-operateur/
Farojob,Call In Call Out recrute Agent IT,Call In Call Out,https://www.farojob.net/wp-content/uploads/2025/05/logo_white_background-2-100x100.jpg,,Secteur privé,,,,,,https://www.farojob.net/jobs/call-in-call-out-recrute-agent-it/,khzema ouest,15 mai 2025,il y a 6 mois,https://www.farojob.net/jobs/call-in-call-out-recrute-agent-it/
Farojob,IT-MMA recrute Commercial/e IT,IT-MMA,https://www.farojob.net/wp-content/themes/noo-jobmonster/assets/images/company-logo.png,,Secteur privé,,,,,,https://www.farojob.net/jobs/it-mma-recrute-commercial-e-it/,"Bizerte, Tunisie",12 mai 2025,il y a 6 mois,https://www.farojob.net/jobs/it-mma-recrute-commercial-e-it/
Farojob,Digiarts recrute Téléconseiller(e)s en Assurance,digiarts,https://www.farojob.net/wp-content/themes/noo-jobmonster/assets/images/company-logo.png,,Secteur privé,,,,,,https://www.farojob.net/jobs/digiarts-recrute-teleconseilleres-en-assurance/,"سوسة, سوسة, تونس",30 avril 2025,il y a 6 mois,https://www.farojob.net/jobs/digiarts-recrute-teleconseilleres-en-assurance/
Farojob,Digiarts recrute Créateur(trice) de contenu / Rédacteur(trice),digiarts,https://www.farojob.net/wp-content/themes/noo-jobmonster/assets/images/company-logo.png,,Secteur privé,,,,,,https://www.farojob.net/jobs/digiarts-recrute-createurtrice-de-contenu-redacteurtrice/,"سوسة, سوسة, تونس",15 avril 2025,il y a 7 mois,https://www.farojob.net/jobs/digiarts-recrute-createurtrice-de-contenu-redacteurtrice/
Farojob,Digiarts recrute Spécialiste en Marketing Numérique & Influence,digiarts,https://www.farojob.net/wp-content/themes/noo-jobmonster/assets/images/company-logo.png,,Secteur privé,,,,,,https://www.farojob.net/jobs/digiarts-recrute-specialiste-en-marketing-numerique-influence/,"سوسة, سوسة, تونس",15 avril 2025,il y a 7 mois,https://www.farojob.net/jobs/digiarts-recrute-specialiste-en-marketing-numerique-influence/
Farojob,Digiarts recrute Responsable du développement commercial,digiarts,https://www.farojob.net/wp-content/themes/noo-jobmonster/assets/images/company-logo.png,,Secteur privé,,,,,,https://www.farojob.net/jobs/digiarts-recrute-responsable-du-developpement-commercial/,"سوسة, سوسة, تونس",15 avril 2025,il y a 7 mois,https://www.farojob.net/jobs/digiarts-recrute-responsable-du-developpement-commercial/
Farojob,Digiarts recrute Développeur Web & Graphiste,digiarts,https://www.farojob.net/wp-content/themes/noo-jobmonster/assets/images/company-logo.png,,Secteur privé,,,,,,https://www.farojob.net/jobs/digiarts-recrute-developpeur-web-graphiste/,"Gouvernorat de Sousse, Tunisie",15 avril 2025,il y a 7 mois,https://www.farojob.net/jobs/digiarts-recrute-developpeur-web-graphiste/
Farojob,RE/MAX Smart recrute Conseiller en Immobilier,RE/MAX Smart,https://www.farojob.net/wp-content/uploads/2025/04/Sans-titre-4-1-100x100.jpg,,Freelance,,,,,,https://www.farojob.net/jobs/re-max-smart-recrute-conseiller-en-immobilier/,"30 Avenue Jallouli Fares - APP N°4, Ennasr 1, Ariana, Tunisia 2037, Ariana, Tunisia",10 avril 2025,il y a 7 mois,https://www.farojob.net/jobs/re-max-smart-recrute-conseiller-en-immobilier/
Farojob,M3S Solutions recrute Assistante administrative // Agents Call Center // Chargés de suivi de dossier,M3S Solutions,https://www.farojob.net/wp-content/themes/noo-jobmonster/assets/images/company-logo.png,,Secteur privé,,,,,,https://www.farojob.net/jobs/m3s-solutions-recrute-assistante-administrative-agents-call-center-charges-de-suivi-de-dossier/,"Les Berges du Lac, Tunis, Tunisie",7 avril 2025,il y a 7 mois,https://www.farojob.net/jobs/m3s-solutions-recrute-assistante-administrative-agents-call-center-charges-de-suivi-de-dossier/
Farojob,Société d’électroménager recrute Techniciens Froid et Climatisation,Société d’électroménager,https://www.farojob.net/wp-content/themes/noo-jobmonster/assets/images/company-logo.png,,Secteur privé,,,,,,https://www.farojob.net/jobs/societe-delectromenager-recrute-techniciens-froid-et-climatisation/,"Tunis, Gouvernorat de Tunis, Tunisie",7 avril 2025,il y a 7 mois,https://www.farojob.net/jobs/societe-delectromenager-recrute-techniciens-froid-et-climatisation/
Farojob,STGI recrute Tapissier,Stgi,https://www.farojob.net/wp-content/uploads/2018/11/stgi-marine.png,,Secteur privé,,,,,,https://www.farojob.net/jobs/stgi-recrute-tapissier/,N/A,27 mars 2025,il y a 7 mois,https://www.farojob.net/jobs/stgi-recrute-tapissier/
Farojob,Business Hôtel recrute Chauffeur,Business hôtel Tunis,https://www.farojob.net/wp-content/uploads/2016/12/business-hotel-tunis.png,,Secteur privé,,,,,,https://www.farojob.net/jobs/business-hotel-recrute-chauffeur/,Tunis,27 mars 2025,il y a 7 mois,https://www.farojob.net/jobs/business-hotel-recrute-chauffeur/
Farojob,MBG Profilage recrute Conducteur Machine,MBG Profilage,https://www.farojob.net/wp-content/uploads/2025/03/mbgprofilage-100x100.png,,Secteur privé,,,,,,https://www.farojob.net/jobs/mbg-profilage-recrute-conducteur-machine/,N/A,27 mars 2025,il y a 7 mois,https://www.farojob.net/jobs/mbg-profilage-recrute-conducteur-machine/
Farojob,Sohatram recrute Mécanicien Poids Lourd,SOHATRAM,https://www.farojob.net/wp-content/uploads/2019/09/Sohatram.png,,Secteur privé,,,,,,https://www.farojob.net/jobs/sohatram-recrute-mecanicien-poids-lourd/,N/A,27 mars 2025,il y a 7 mois,https://www.farojob.net/jobs/sohatram-recrute-mecanicien-poids-lourd/
Farojob,WorldWide Studies recrute Réceptionniste,Worldwide Studies,https://www.farojob.net/wp-content/uploads/2024/07/worldwidestudies-100x100.png,,Secteur privé,,,,,,https://www.farojob.net/jobs/worldwide-studies-recrute-receptionniste/,Ariana,27 mars 2025,il y a 7 mois,https://www.farojob.net/jobs/worldwide-studies-recrute-receptionniste/
Farojob,Hôtel Le Pacha recrute des Collaborateurs,Hotel Le Pacha,https://www.farojob.net/wp-content/uploads/2018/11/hotel_pacha.png,,Secteur privé,,,,,,https://www.farojob.net/jobs/hotel-le-pacha-recrute-des-collaborateurs/,Tunis,27 mars 2025,il y a 7 mois,https://www.farojob.net/jobs/hotel-le-pacha-recrute-des-collaborateurs/
Farojob,Hôtel Occidental recrute Factotum,Hôtel Occidental,https://www.farojob.net/wp-content/uploads/2025/03/hteloccidental-100x100.png,,Secteur privé,,,,,,https://www.farojob.net/jobs/hotel-occidental-recrute-factotum/,Sousse,27 mars 2025,il y a 7 mois,https://www.farojob.net/jobs/hotel-occidental-recrute-factotum/
Farojob,Hôtel Occidental recrute Valet de Chambre,Hôtel Occidental,https://www.farojob.net/wp-content/uploads/2025/03/hteloccidental-100x100.png,,Secteur privé,,,,,,https://www.farojob.net/jobs/hotel-occidental-recrute-valet-de-chambre/,Sousse,27 mars 2025,il y a 7 mois,https://www.farojob.net/jobs/hotel-occidental-recrute-valet-de-chambre/
Farojob,Clinique Elmourouj recrute Techniciens Imagerie Médicale,clinique elmourouj,https://www.farojob.net/wp-content/uploads/2025/03/clinique-elmourouj-200x200-1-100x100.png,,Secteur privé,,,,,,https://www.farojob.net/jobs/clinique-elmourouj-recrute-techniciens-imagerie-medicale/,Tunis,27 mars 2025,il y a 7 mois,https://www.farojob.net/jobs/clinique-elmourouj-recrute-techniciens-imagerie-medicale/
Farojob,BK Food International recrute Responsable Management Qualité,BK FOOD,https://www.farojob.net/wp-content/uploads/2021/10/bkfood-bk-food-200x200-1.png,,Secteur privé,,,,,,https://www.farojob.net/jobs/bk-food-international-recrute-responsable-management-qualite/,N/A,22 mars 2025,il y a 8 mois,https://www.farojob.net/jobs/bk-food-international-recrute-responsable-management-qualite/
Farojob,DA-KAT Corp Tunisia Security recrute des Conducteurs,DA KAT,https://www.farojob.net/wp-content/uploads/2024/01/da-kat-200x200-1-100x100.png,,Secteur privé,,,,,,https://www.farojob.net/jobs/da-kat-corp-tunisia-security-recrute-des-conducteurs/,Tunis,22 mars 2025,il y a 8 mois,https://www.farojob.net/jobs/da-kat-corp-tunisia-security-recrute-des-conducteurs/
Farojob,Société Atlas Packaging recrute Technicien en Electricité et Automatisme,Atlas Packaging,https://www.farojob.net/wp-content/uploads/2018/03/atlaspack.png,,Secteur privé,,,,,,https://www.farojob.net/jobs/societe-atlas-packaging-recrute-technicien-en-electricite-et-automatisme/,Sousse,22 mars 2025,il y a 8 mois,https://www.farojob.net/jobs/societe-atlas-packaging-recrute-technicien-en-electricite-et-automatisme/
Farojob,Space Net recrute Responsable Achat,SpaceNet Tunisie,https://www.farojob.net/wp-content/uploads/2020/04/LOGO-SPACENET-FINAL-fond-blanc-scaled.jpg,,Secteur privé,,,,,,https://www.farojob.net/jobs/space-net-recrute-responsable-achat/,Tunis,22 mars 2025,il y a 8 mois,https://www.farojob.net/jobs/space-net-recrute-responsable-achat/
Farojob,Your Team In Tunisia recrute Développeur WordPress et Divi,Your Team In Tunisia,https://www.farojob.net/wp-content/uploads/2023/10/Logo-1-100x100.jpg,,Secteur privé,,,,,,https://www.farojob.net/jobs/your-team-in-tunisia-recrute-developpeur-wordpress-et-divi/,N/A,22 mars 2025,il y a 8 mois,https://www.farojob.net/jobs/your-team-in-tunisia-recrute-developpeur-wordpress-et-divi/
Farojob,The 716 Lounge Coffee et Restaurant recrute des Collaborateurs,The 716 Café Lounge Restaurant,https://www.farojob.net/wp-content/uploads/2020/06/LOGO-716-1.png,,Secteur privé,,,,,,https://www.farojob.net/jobs/the-716-lounge-coffee-et-restaurant-recrute-des-collaborateurs/,Tunis,22 mars 2025,il y a 8 mois,https://www.farojob.net/jobs/the-716-lounge-coffee-et-restaurant-recrute-des-collaborateurs/
